osf,clase
León Ortigosa ABP,ONG - Humanitaria
"Comenzar de Nuevo, A.C.",ONG - Humanitaria
"Casa Paterna La Gran Familia, A.C.",ONG - Humanitaria
"Programa de Acompañamiento de Servicio Social, Dirección de Servicio Social Campus Mty",Dirección Servicio Social Campus Mty.
Casa Monarca Ayuda Humanitaria al Migrante A.B.P.,ONG - Humanitaria
"Fundación Yepez, A.C.",ONG - Medio ambiente
"Viccali, Vida con Calidad, A.C.",ONG - Humanitaria
"Zamora Coaching INC, A.C.",ONG - Desarrollo humano
"Fundación El Mundo Escribe, A.C.",ONG - Arte y cultura
"FICAE, Fundación Internacional de Cabalgantes y Actividades Ecuestres A. C.",Actividades recreativas
"Corporación de Desarrollo Integral GAON, S.A. de C.V.",ONG - Humanitaria
"Comedor Infantil Mensajero de Paz - Esperanza al Débil, A.C.",ONG - Humanitaria
"TEDI, Taller de Expresión y Desarrollo Integral, A.C.",ONG - Desarrollo humano
"PROMOCIÓN DE PAZ, A.B.P.",ONG - Humanitaria
"Fundación Rolivel, A.C.",ONG - Desarrollo humano
Climate Science Ltd,ONG - Medio ambiente
Reapropia,ONG - Humanitaria
DIF Nuevo León,ONG - Humanitaria
"Asociación de Espina Bífida de Nuevo León, A.B.P.",ONG - Salud
Zihuame Mochilla A.C.,ONG - Humanitaria
"MARCO, Museo de Arte Contemporáneo",ONG - Arte y cultura
"CIDEPO, Centro de Investigación y Desarrollo de Políticas Públicas, A.C.",Investigación
"Blooders.org, A.C.",ONG - Salud
"Plan Cuatro Ciénegas 2040, A.C.",ONG - Medio ambiente
"VIFAC, Vida y Familia Monterrey, A.B.P.",ONG - Humanitaria
FUNDACION PRO BIENESTAR AL ANCIANO AC,ONG - Humanitaria
Pal Sur del Norte,ONG - Desarrollo humano
"SAIIS, Sociedad de Alumnos de Ingeniero Industrial y de Sistemas",Sociedad de Alumnos ITESM
"AICHE, American Institute of Chemical Engineering",Investigación
"Powerchair Football México, A.C.",Actividades recreativas
"PROVS, Programa de la Vivienda Sustentable, A.C.",ONG - Humanitaria
"SAIFI, Sociedad de Alumnos de Ingeniería Física Industrial",Sociedad de Alumnos ITESM
"SALIN, Sociedad de Alumnos de Licenciado en Negocios Internacionales",Sociedad de Alumnos ITESM
"LAZOS, I.A.P.",ONG - Humanitaria
"ANSPAC, Asociación Nacional Pro Superación Personal A.C.",ONG - Desarrollo humano
"SALNB, Sociedad de Alumnos de Nutrición y Bienestar",ONG - Salud
"Soñar Despierto, A.C.",ONG - Desarrollo humano
"AUTISMO, A.B.P.",ONG - Humanitaria
"Fundación Enrique Yturria García, A.B.P.",ONG - Humanitaria
"Paso de Esperanza, A.C.",ONG - Humanitaria
"CONAFE, Consejo Nacional de Fomento Educativo",ONG - Desarrollo humano
"WEEDS, Worldwide Education in Environmental Development and Sustainability, A.C.",ONG - Medio ambiente
"Forma-T en Valores, A.C.",ONG - Desarrollo humano
"Patronato Parque Huasteca, A.C.",ONG - Medio ambiente
"CARA, Primaria Centro de Alto Rendimiento Académico",ONG - Desarrollo humano
Sacbé,ONG - Arte y cultura
"Casa Samuel Salud, A.B.P.",ONG - Salud
"Be The Match MX, A.C.",ONG - Salud
Villas Asistenciales Santa Maria ABP.,ONG - Humanitaria
PARQUE LA PASTORA,ONG - Medio ambiente
"Liderazgo y Cultura Emprendedora, A.C.",ONG - Desarrollo humano
"Uno a Uno Taller Protegido, S.A. de C.V.",ONG - Humanitaria
"Niños y Jóvenes Emprendedores, A.C.",ONG - Desarrollo humano
Monstritos A. C.,ONG - Humanitaria
Save the Children | Fundación Mexicana de Apoyo Infantil A.C.,ONG - Humanitaria
BufeTec,ONG - Política y leyes
"AIESEC México, A.C.",ONG - Desarrollo humano
"SOLVIT, S.A. de C.V",ONG - Desarrollo humano
"Fundación Enyx, A.C.",ONG - Humanitaria
"BioGenera, A.C.",Investigación
Fundacionplan.org | Plan SPAP A.C.,ONG - Humanitaria
"Best Buddies de México, A.C",ONG - Humanitaria
Women in Tech,ONG - Desarrollo humano
Inclusión y Accesibilidad,ONG - Humanitaria
"UNAC, Unidos por el Arte contra el Cáncer Infantil, A.C.",ONG - Humanitaria
Iniciativa Campana Altamira,ONG - Desarrollo humano
"Servicio Social Comunitario Casa Samuel, A.C.",ONG - Humanitaria
"Hagámoslo Bien por una Cultura de la Legalidad, A.C.",ONG - Humanitaria
"CIBRUC, CENTRO DE INVESTIGACION SOBRE BIODIGESTION ANAEROBIA Y RESIDUOS URBANOS, A.C.",Investigación
Monitor NL,ONG - Política y leyes
Quiero Chamba Ya.,ONG - Desarrollo humano
"Existe, A.B.P.",ONG - Humanitaria
"EZER, A.B.P. | La Casa del Voluntario",ONG - Humanitaria
"Congregación Mariana Trinitaria, A.C.",ONG - Humanitaria
"LPS, Carrera de Licenciatura en Psicología Clínica y de la Salud",Sociedad de Alumnos ITESM
Fundación Plan,ONG - Humanitaria
"PARQUE FUNDIDORA, OPD",ONG - Medio ambiente
"Casanicolás-Solidaridad en el éxodo, A.C.",ONG - Humanitaria
"Instituto de la Mujer Restaurada, A.C.",ONG - Humanitaria
"Fundación Nina, A.C.",ONG - Humanitaria
"Guerreros en la Vida y en la Cancha, A.C.",ONG - Desarrollo humano
SAIIS (Sociedad de Alumnos de Ingeniería Industrial y de Sistemas) - Estancias Infantiles DIF SPGG,Sociedad de Alumnos ITESM
Dirección de Servicio Social,Dirección Servicio Social Campus Mty.
Proyecto 99,ONG - Humanitaria
"Ya Puedo Escucharte, A.C.",ONG - Salud
"Familia de Santa María, A.C.",ONG - Humanitaria
"HIC ME, A.C.",ONG - Desarrollo humano
"Un Techo para mi País México, A.C.",ONG - Humanitaria
"CEI, Comité Ecológico Interescolar",ONG - Desarrollo humano
Fundación JOMAR A.C,ONG - Humanitaria
Secretaría de Desarrollo Social y Humano del Municipio de San Pedro,ONG - Humanitaria
"Inter-accion jóvenes por un futuro con oportunidades, A.C.",ONG - Desarrollo humano
Laboratorio Innovación Social Tutores de Resiliencia,ONG - Humanitaria
Compromiso y Responsabilidad Educativa ABP,ONG - Desarrollo humano
"Fundación F21, A.C.",ONG - Desarrollo humano
Escuela de Ingeniería y Ciencias,Sociedad de Alumnos ITESM
"AMMAC, Alianza de Ministerios de Misericordia, A.C.",ONG - Humanitaria
"CÁRITAS MEXICANA, IAP",ONG - Salud
I CARE FOUNDATION A.C.,ONG - Salud
Monterrey Interactive Media & Entertrainment Cluster,Actividades recreativas
Prepanet Monterrey,ONG - Humanitaria
"Tierra de Artistas, A.C.",Actividades recreativas
Patrones Hermosos,ONG - Desarrollo humano
Transformando Al Planeta,ONG - Medio ambiente
"PRODAN, Prodefensa Animal, A.C.",ONG - Medio ambiente
Centro Jurídico y Formación Integral BUFETEC,ONG - Política y leyes
"AEQUS - Rehabilitación Psicosocial, A.B.P",ONG - Humanitaria
EHE - Dirección de Educación y Desarrollo,ONG - Desarrollo humano
EHE - Estudios Socioculturales,ONG - Arte y cultura
"Club Deportivo de Fútbol Americano Avispones, A.C.",Actividades recreativas
"Centro Cultural Loyola de Monterrey, AC",ONG - Arte y cultura
EIC y EHE - Innovaction Gym,Emprendimiento y desarrollo
"Fundación Chávez Ramos, A.C",ONG - Política y leyes
Dirección de Servicio Social - PASS,Dirección Servicio Social Campus Mty.
"Jóvenes Mexicanos Al Servicio De América (América Solidaria), A.C.",ONG - Desarrollo humano
"Líderes Promoviendo la Cultura de la Legalidad, A.C.",ONG - Política y leyes
"SAINA, Sociedad de Alumnos de Ingeniería en Nanotecnología",Sociedad de Alumnos ITESM
"AIVIA, Asistente Sustentable",ONG - Medio ambiente
"SAIQ, Sociedad de Alumnos de Ingeniería Química",Sociedad de Alumnos ITESM
"Cambio para el Aprendizaje de Niños y Adolescentes, A.C.",ONG - Desarrollo humano
Fundacionplan.org - Plan SPAP A.C.,ONG - Humanitaria
Centro Virtual de Aprendizaje Tec de Monterrey,Emprendimiento y desarrollo
Dirección de Servicio Social - Aprendizajes para todos,Dirección Servicio Social Campus Mty.
"SALEM, Sociedad de Alumnos de Licenciado en Mercadotecnia",Sociedad de Alumnos ITESM
Dirección de Emprendimiento Social,Emprendimiento y desarrollo
"AEAC, Asociación de Estudiantes de Arte y Cultura",ONG - Arte y cultura
"SATEM, Sociedad Astronómica del Tecnológico de Monterrey",Sociedad de Alumnos ITESM
"FETEC, Comité Ejecutivo",Sociedad de Alumnos ITESM
"AENL, Asociación de Estudiantes de Nuevo León",ONG - Desarrollo humano
Uno más Uno,ONG - Humanitaria
Centro Jurídico y Formación Integral BufeTec,ONG - Política y leyes
"Fundación FEMSA , A.C.",ONG - Humanitaria
"Neurofinanzas, A.C.",ONG - Humanitaria
"SEIMIQ, Sección Estudiantil del Instituto Mexicano de Ingenieros Químicos",ONG - Desarrollo humano
"CRS, Consejo de Responsabilidad Social Estudiantil FETEC",ONG - Humanitaria
Asociación Iknextia,ONG - Humanitaria
"Vecinos Fuentes del Valle, A.C.",ONG - Medio ambiente
Red Unidos para Trascender de la Iniciativa Campana-Altamira,ONG - Desarrollo humano
Care Misiones,ONG - Humanitaria
"SACPF, Sociedad de Alumnos de Licenciatura en Contaduría Pública y Finanzas",Sociedad de Alumnos ITESM
EHE Educación Continua- Arizona State UniversitySolarSPELL.org,ONG - Desarrollo humano
"SABGB, Sociedad de Alumnos de Licenciatura en Negocios Internacionales",Sociedad de Alumnos ITESM
"EZER, A.B.P. La Casa del Voluntario",ONG - Humanitaria
"Patronato del Parque Rufino y Olga Tamayo, A.C.",ONG - Medio ambiente
Colectivo Semillero Espiral,Actividades recreativas
"CIES, Centro de Investigación y Educación para la Salud, A.C.",Investigación
Community FIRST For Inspiration and Recognition of Science and Technology,Emprendimiento y desarrollo
EN - Departamento de Contaduría Pública y Finanzas,ONG - Desarrollo humano
"ACS, American Chemical Society Tecnológico de Monterrey",Investigación
"SALRI, Sociedad de Alumnos de Licenciatura en Relaciones Internacionales",Sociedad de Alumnos ITESM
"Unidos Somos Iguales, A.B.P.",ONG - Humanitaria
"Fundación México Incluyente, A.C.",ONG - Humanitaria
"ARENA, Asociación Regiomontana de Niños Autistas, A.B.P",ONG - Salud
"Águilas Guadalupanas, A.C.",ONG - Humanitaria
"Despierta, Cuestiona y Actúa, A. C.",ONG - Humanitaria
"ASOCIACIÓN DE PSICÓLOGOS DE NUEVO LEÓN, A.C.",ONG - Humanitaria
"SAITC, Sociedad de Alumnos de Ingeniería en Tecnologías Computacionales",Sociedad de Alumnos ITESM
"Andares, A.B.P.",ONG - Humanitaria
"LIFE, Liderazgo y Formación Estudiantil",ONG - Desarrollo humano
"Consejo Cívico de Instituciones de Nuevo León, A.C.",ONG - Política y leyes
"FONDEAGG, Fondo Educativo Gral. de Div. Anacleto Guerrero Guajardo, A.C",ONG - Desarrollo humano
EAAD - Departamento de Urbanismo,Emprendimiento y desarrollo
"CEI, Comité Ecológico Integral",ONG - Medio ambiente
"SAITD, Sociedad de Alumnos de Ingenieria en Transformación Digital de Negocios",Sociedad de Alumnos ITESM
"SAIM, Sociedad de Alumnos de Ingeniero Mecánico",Sociedad de Alumnos ITESM
"Plásticos Blue Phoenix, S.A. de C.V.",ONG - Medio ambiente
"CreeSer, A.B.P.",ONG - Humanitaria
"Fundación Lazos, IAP",ONG - Humanitaria
Club Deportivo Pumas AC,Actividades recreativas
Monterrey Interactive Media y Entertrainment Cluster,Emprendimiento y desarrollo
"Centro de Capacitación y Talento Empresarial Industrial, A.C.",ONG - Desarrollo humano
"SALTM, Sociedad de Alumnos de Licenciatura en Tecnologías y Producción Musical",Sociedad de Alumnos ITESM
Centro VALIA,ONG - Desarrollo humano
Fomento Prevocacional Severiano Martínez ABP,ONG - Desarrollo humano
Laboratorio de Innovación Social Tutores de Resiliencia,ONG - Desarrollo humano
Museo de Historia Mexicana,ONG - Arte y cultura
Emprendedores Líderes Generando la Evolución por México A.C. (Elige México),Emprendimiento y desarrollo
Secretaría de Educación (Sector No. 14),ONG - Desarrollo humano
"Centro de Capacitación y Talento Empresarial Industrial, A.C",ONG - Desarrollo humano
"Fundación Riisa, A.C.",ONG - Humanitaria
INSTITUTO DE CIENCIAS Y TECNOLOGÍAS APLICADAS SC,Emprendimiento y desarrollo
"LIN, Dirección de Carrera de Licenciado en Negocios Internacionales (Caremisiones)",ONG - Desarrollo humano
Práctica Jurídica LED,ONG - Política y leyes
Community FIRST: For Inspiration and Recognition of Science and Technology,Emprendimiento y desarrollo
SALED – Sociedad de Alumnos de Licenciatura en Derecho,Sociedad de Alumnos ITESM
"Proeducación, I.A.P.",ONG - Desarrollo humano
América Solidaria México,ONG - Humanitaria
SAC - Sociedad de Alumnos de Comunicación,Sociedad de Alumnos ITESM
Semillero Espiral Colectivo,ONG - Medio ambiente
SALEC - Sociedad de Alumnos de Licenciatura en Economía,Sociedad de Alumnos ITESM
"AECOAH, Asociación de Estudiantes de Coahuila",ONG - Desarrollo humano
"SOSAC, Sociedad Sostenible, A.C.",ONG - Desarrollo humano
"Cambio Para el Aprendizaje en Niños y Adolescentes, A.C.",ONG - Desarrollo humano
EHE - Educación Continua- Arizona State UniversitySolarSPELL.org,ONG - Desarrollo humano
Secretaría de Cultura y Educación del Municipio de San Pedro,ONG - Arte y cultura
"Formando Emprendedores, A.B.P",Emprendimiento y desarrollo
"Vecinos Fuente del Valle, A.C.",ONG - Medio ambiente
ABBA | ADOPCIÓN Y ACOGIMIENTO FAMILIAR DE MÉXICO AC,ONG - Humanitaria
"Redes Quinto Poder IDEA, A.C.",ONG - Política y leyes
CONSEJO NACIONAL MEXICANO DE PUEBLOS ORIGINARIOS Y COMUNIDADES INDIGENAS,ONG - Arte y cultura
"Club deportivo de Fútbol Americano Pumas, A.C.",Actividades recreativas
"SALAD, Sociedad de Alumnos en Animación y Arte Digital",Sociedad de Alumnos ITESM
"PRODEIQ, Programa para el Desarrollo del Ingeniero Químico",ONG - Desarrollo humano
SAITD – Sociedad de Alumnos de Ingeniería en Transformación Digital de Negocios,Sociedad de Alumnos ITESM
AEDEG - Asociación de Estudiantes Deutsche Gemeinschaft,ONG - Desarrollo humano
Líderes del Mañana,ONG - Desarrollo humano
"Laboratorio de Arte, A.C.",ONG - Arte y cultura
SACPF - Sociedad de Alumnos de Licenciatura en Contaduría Pública y Finanzas,Sociedad de Alumnos ITESM
Gasilem SA de CV,ONG - Humanitaria
Capa x Capa,ONG - Desarrollo humano
"I CARE FOUNDATION, A.C.",ONG - Desarrollo humano
"Compromiso y Responsabilidad Educativa, ABP",ONG - Desarrollo humano
"EIC, EHE y EAAD - Innovaction Gym",Emprendimiento y desarrollo
SALAEt - Sociedad de Alumnos de Licenciado en Estrategia y Transformación de Negocios,Sociedad de Alumnos ITESM
AEDUR - Asociación de Estudiantes de Durango,ONG - Desarrollo humano
Plásticos Blue Phoenix S.A. de C.V.,ONG - Medio ambiente
"SAIID, Sociedad de Alumnos de Ingeniería en Innovación y Desarrollo",Sociedad de Alumnos ITESM
"AMMJE, Asociación Mexicana de Mujeres Jefas de Empresa, A.C.",ONG - Desarrollo humano
LABNL | Laboratorio Cultural Ciudadano de CONARTE NL - Consejo para la Cultura y las Artes de Nuevo León,ONG - Arte y cultura
Thunder MX,Actividades recreativas
EN - Dirección de Programa LAF,Sociedad de Alumnos ITESM
"SAIDS, Sociedad de Alumnos de Ingeniero en Desarrollo Sustentable",Sociedad de Alumnos ITESM
"Inter-acción jóvenes por un futuro con oportunidades, A. C.",ONG - Humanitaria
EAAD - Impulso Urbano,ONG - Humanitaria
"Club Deportivo de Futból Americano Águilas, A.C.",Actividades recreativas
Clínica Penal del Departamento de Derecho,ONG - Política y leyes
"SAIRS, Sociedad de Alumnos de Ingeniería en Robótica y Sistemas Digitales",Sociedad de Alumnos ITESM
BMES - Biomedical Engineering Society,Investigación
Secretaría de Contraloría y Transparencia de San Pedro,ONG - Política y leyes
Instituto de Bienestar Integral,ONG - Humanitaria
H. CONGRESO DEL ESTADO DE NUEVO LEON,ONG - Política y leyes
Ecology Project International,ONG - Medio ambiente
"FUNDACION CLISA, A.C.",ONG - Humanitaria
"Patronato del Parque Rufino y Olga Tamayo, A.C. (San pedro parques)",ONG - Medio ambiente
Andar México,ONG - Humanitaria
Instituto Nacional de Antropología e Historia,ONG - Arte y cultura
"MARCO, Museo de Arte Contemporáneo, A.C.",ONG - Arte y cultura
"SAIMT, Sociedad de Alumnos de Ingeniería en Mecatrónica",Sociedad de Alumnos ITESM
Cambio de Juego,ONG - Desarrollo humano
ASOCIACION DE PSICOLOGOS DE NUEVO LEON,ONG - Humanitaria
wwleadership sc,Emprendimiento y desarrollo
ABACO Consultoría Financiera,ONG - Desarrollo humano
Red Recolector SA de CV,ONG - Medio ambiente
Impulso Deportivo y Academico S.C.,Actividades recreativas
SALAF- Sociedad de Alumnos de Administración Financiera,Sociedad de Alumnos ITESM
Zona Shero,ONG - Humanitaria
"Huellas que Trascienden, A.C.",Emprendimiento y desarrollo
Proyecto 99_Proyecto 99 - Logística,Emprendimiento y desarrollo
"Museo El Centenario, Ayuntamiento de San Pedro Garza García/Secretaría de Cultura y Educación de San Pedro Garza García, NL_Laboratorio de co-creación del acervo de Historia Oral - Museo del Centenario, SPGG",ONG - Arte y cultura
Fundación Sé Más_Organización de eventos de emprendimiento - Fundación Sé Más,Emprendimiento y desarrollo
"Consejo de Seguridad de la información y ciberseguridad, A.C._Cybersecurity App",ONG - Desarrollo humano
"Fundación El Mundo Escribe, A.C._El mundo escribe, somos lenguaje",ONG - Arte y cultura
"VIFAC, Vida y Familia Monterrey, A.B.P._VIFAC a tiempo",ONG - Humanitaria
"Tierra de Artistas, A.C._Taller de medicina tradicional a través de la herbolaria zapoteca SEPT",ONG - Arte y cultura
"Tierra de Artistas, A.C._Taller de Alebrijes y grecas Zapotecas SEPT",ONG - Arte y cultura
"Zamora Coaching INC, A.C._Zamora Coaching Inc. en redes sociales",Emprendimiento y desarrollo
"Menos plástico es Fantástico, AC_Diseño de un programa de turismo sustentable en el Caribe Mexicano con Menos Plástico es Fantástico",ONG - Medio ambiente
"Menos plástico es Fantástico, AC_Educación ambiental para la comunidad de Mahahual con Menos Plástico es Fantástico",ONG - Medio ambiente
WEEDS_Investigando para un mundo más verde,ONG - Medio ambiente
"Soñar Despierto, A.C._Vico Valores",ONG - Humanitaria
"Clínica Jurídica Penal del Tec de Monterrey, Campus Monterrey_Clínica Penal",ONG - Política y leyes
"ANSPAC, Asociación Nacional Pro Superación Personal A.C._Talleres Jóvenes que Trascienden ANSPAC MTY",ONG - Desarrollo humano
Fundacionplan.org - Plan SPAP A.C._Experiencia Plan,ONG - Humanitaria
Iniciativa Campana Altamira_Juega y aprende,ONG - Desarrollo humano
"Laboratorio de Arte, A.C._Actualización de acervo digital",ONG - Arte y cultura
Inclusión y Accesibilidad_Foro de Inclusión de Personas con Discapacidad,ONG - Humanitaria
Dirección de Servicio Social - Aprendizajes para todos_Aprendizajes para Todos: Tutor académico,Dirección Servicio Social Campus Mty.
"Instituto Nuevo Amanecer, A.B.P._Apoyo en programa de voluntariado",ONG - Humanitaria
"DIF Nuevo León_Construcción Cultural, Deportiva y Emocional para DIF Nuevo León",ONG - Humanitaria
"Liderazgo y Cultura Emprendedora, A.C._Embajadores y creadores de contenido para Pink society y Soy Plena",Emprendimiento y desarrollo
"Unidos Somos Iguales, A.B.P._Noches de Rol Unidos",ONG - Humanitaria
"Vecinos Fuentes del Valle, A.C._OFICINA VIRTUAL",ONG - Medio ambiente
"PRODAN, Prodefensa Animal, A.C._Préstame tu Casa",ONG - Medio ambiente
"Huellas que Trascienden, A.C._Coordinación de Proyectos HQT",Emprendimiento y desarrollo
"AICHE, American Institute of Chemical Engineering_Catalizando Ideas",Investigación
"Paso de Esperanza, A.C._Pasos de EsperanzAPP",ONG - Humanitaria
"Fundación F21, A.C._ArteSano + fundación F21",ONG - Arte y cultura
Patronato del Hospital Regional de Alta Especialidad Materno Infantil A.C_Programa Integral en áreas recreativas con pacientes,ONG - Salud
"SAITD, Sociedad de Alumnos de Ingenieria en Transformación Digital de Negocios_Computación para Todos - Campana Altamira",Sociedad de Alumnos ITESM
"CVA, Centro Virtual de Aprendizaje Tec de Monterrey_TransformaWEB - programador",Emprendimiento y desarrollo
Sacbé_Sacbe STEM,ONG - Humanitaria
Women in Tech_WitCode,ONG - Desarrollo humano
San Pedro Parques_Festival de la Nuez en San Pedro Parques,ONG - Arte y cultura
"SAIQ, Sociedad de Alumnos de Ingeniería Química_Sembrando Conciencia",Sociedad de Alumnos ITESM
Iniciativa Campana Altamira_Inclusión y amistad,ONG - Humanitaria
"Club Deportivo de Fútbol Americano Avispones, A.C._Coach de futbol americano",Actividades recreativas
"CVA, Centro Virtual de Aprendizaje Tec de Monterrey_Recíclate “Compartiendo Conocimiento” - Tutor en línea",ONG - Desarrollo humano
"AECOAH, Asociación de Estudiantes de Coahuila_La Alegria del Saber",ONG - Desarrollo humano
"SAIID, Sociedad de Alumnos de Ingeniería en Innovación y Desarrollo_Emprender para Todos",Sociedad de Alumnos ITESM
Andar México_Avanza,ONG - Humanitaria
"EIC, EHE y EAAD - Innovaction Gym_Edumakers para la inclusión",Emprendimiento y desarrollo
"SACPF, Sociedad de Alumnos de Licenciatura en Contaduría Pública y Finanzas_Cuenta Conmigo",Sociedad de Alumnos ITESM
BMES - Biomedical Engineering Society_MediCode,Investigación
"CVA, Centro Virtual de Aprendizaje Tec de Monterrey_SOCIAL SOUL CVA - Redes sociales",Emprendimiento y desarrollo
"SAIRS, Sociedad de Alumnos de Ingeniería en Robótica y Sistemas Digitales_Sin Miedo a la Corriente",Sociedad de Alumnos ITESM
"SALNB, Sociedad de Alumnos de Nutrición y Bienestar_NAFA - Nutrición y Actividad Física para el Adulto",Sociedad de Alumnos ITESM
"Cómo Vamos Nuevo León_EVAluando en Cómo Vamos, Nuevo León",ONG - Política y leyes
"SAIMT, Sociedad de Alumnos de Ingeniería en Mecatrónica_Minirobótica",Sociedad de Alumnos ITESM
La Cumbre Cotidiana A.C._Educación Ambiental - La Cumbre Cotidiana A.C.,ONG - Medio ambiente
"Viccali, Vida con Calidad, A.C._Semilleros de Paz",ONG - Humanitaria
"SAIDS, Sociedad de Alumnos de Ingeniero en Desarrollo Sustentable_Verde Mar",Sociedad de Alumnos ITESM
"AENL, Asociación de Estudiantes de Nuevo León_Altamira FC",ONG - Desarrollo humano
"Redes Quinto Poder IDEA, A.C._Brigadas de protección al medio ambiente",ONG - Medio ambiente
"Laboratorio de Arte, A.C._Mediadores de experiencias de arte contemporáneo",ONG - Arte y cultura
"Tierra de Artistas, A.C._Alquimistas de impacto",ONG - Arte y cultura
"SOSAC, Sociedad Sostenible, A.C._Tierra Urbana con SOSAC",ONG - Medio ambiente
"LIN, Dirección de Carrera de Licenciado en Negocios Internacionales_Care",Sociedad de Alumnos ITESM
"Best Buddies de México, A.C_Best Buddies Universidad",ONG - Humanitaria
"Sonrisas Monterrey AC_Dale Hype al Burnout - Innovación social, bienestar y tecnología..",ONG - Humanitaria
"Regalando Estrellas, A. C._Inspirarnos para vivir mejor",ONG - Humanitaria
Líderes del Mañana - ADUX_Colaboradores Académicos ADUX,ONG - Desarrollo humano
SALAEt - Sociedad de Alumnos de Licenciado en Estrategia y Transformación de Negocios_DOS – Descubriendo otros Superpoderes,Sociedad de Alumnos ITESM
Asociación Iknextia_Asesores Iknextia,ONG - Desarrollo humano
"Vecinos Fuentes del Valle, A.C._CENTRO DE ACOPIO Y PEPENA EN ZONA FUENTES DEL VALLE",ONG - Medio ambiente
"Emprendedores Líderes Generando la Evolución por México (Elige México), A.C._ELIGE SUMAR",Emprendimiento y desarrollo
Centro Jurídico y Formación Integral BufeTec_BUFETEC,ONG - Política y leyes
"Viccali, Vida con Calidad, A.C._Compartiendo la misión de paz",ONG - Humanitaria
"SOSAC, Sociedad Sostenible, A.C._Especies y Espacios con SOSAC",ONG - Medio ambiente
Iniciativa Campana Altamira_Fútbol para crecer,ONG - Desarrollo humano
Iniciativa Campana Altamira_Activación física en preescolares,ONG - Desarrollo humano
"SALTM, Sociedad de Alumnos de Licenciatura en Tecnologías y Producción Musical_Crescendo",Sociedad de Alumnos ITESM
Líderes del Mañana - ADUX_Mentores Académicos ADUX,ONG - Desarrollo humano
"Un Techo para mi País México, A.C._Voluntariado en Campo",ONG - Humanitaria
SALPS - Sociedad de Alumnos de Licenciado en Psicología Clínica y de la Salud_Programa preclínico,Sociedad de Alumnos ITESM
Iniciativa de plataformas - TEC de Monterrey_Soy Tutor,ONG - Desarrollo humano
"Proeducación IAP, Jóvenes Ayudando a Niñas y Niños_Tutorías para defender a la Educación",ONG - Desarrollo humano
"Tierra de Artistas, A.C._Taller de medicina tradicional a través de la herbolaria zapoteca OCT",ONG - Arte y cultura
"AIESEC México, A.C._Ciudadano Global AIESEC",ONG - Desarrollo humano
"Fundación Lazos, IAP_RP LAZOS CON PROPOSITO",ONG - Humanitaria
"SALRI, Sociedad de Alumnos de Licenciatura en Relaciones Internacionales_Realidad Migrante",Sociedad de Alumnos ITESM
WEEDS_Staff - Comunicando para un mundo más verde,ONG - Medio ambiente
"CONAFE, Consejo Nacional de Fomento Educativo_Matemáticas 360 en CONAFE",ONG - Desarrollo humano
"META, Impulso Deportivo y Académico, S.C._META: Impulsando atletas/estudiantes",ONG - Desarrollo humano
"Fundación F21, A.C._Aprender a Emprender - Fundación F21",Emprendimiento y desarrollo
"Fundación F21, A.C._A. Transformación Digital - Fundación F21",Emprendimiento y desarrollo
Community FIRST For Inspiration and Recognition of Science and Technology_Community FIRST: For Inspiration and Recognition of Science and Technology,Emprendimiento y desarrollo
"CIDEPO, Centro de Investigación y Desarrollo de Políticas Públicas, A.C._Diseñando contenido de impacto con CIDEPO AC",Investigación
"Consejo de Seguridad de la información y ciberseguridad, A.C._Entrevistas presenciales sobre Creencias, Actitudes y Prácticas de Ciberseguridad Personal.",ONG - Desarrollo humano
WEEDS_Staff - Huertos de Esperanza en un mundo más verde,ONG - Medio ambiente
"Vecinos Fuentes del Valle, A.C._EL CAPITAN, Arboles y Plantas de ornato",ONG - Medio ambiente
"Tierra de Artistas, A.C._Taller de Alebrijes y grecas Zapotecas OCT",ONG - Arte y cultura
"SAIFI, Sociedad de Alumnos de Ingeniería Física Industrial_Calentando Ideas",Sociedad de Alumnos ITESM
SALAEt - Sociedad de Alumnos de Licenciado en Estrategia y Transformación de Negocios_Ángeles Emprendiendo,Sociedad de Alumnos ITESM
"Forma-T en Valores, A.C._Asesorías y tutoreo en línea",ONG - Desarrollo humano
EHE - Departamento de Lenguas Modernas_Inglés Comunicativo para Normalistas,ONG - Desarrollo humano
"CreeSer, A.B.P._Estrategia de Comunicación en Cultura de Paz",ONG - Humanitaria
"ACS, American Chemical Society Tecnológico de Monterrey_Convierte tu Cocina en una Biorefineria",ONG - Desarrollo humano
SALED - Sociedad de Alumnos de Licenciatura en Derecho_Un Mejor Mañana,Sociedad de Alumnos ITESM
"Centro VALIA, A.C._UNO hace la diferencia",ONG - Humanitaria
Red Unidos para Trascender de la Iniciativa Campana-Altamira_Cuentos para Crecer,ONG - Desarrollo humano
"SABGB, Sociedad de Alumnos de Licenciatura en Negocios Internacionales_FrontIR",Sociedad de Alumnos ITESM
Festival Internacional Santa Lucia_Promotores Culturales en el Festival Santa Lucía 2022,ONG - Arte y cultura
"CVA, Centro Virtual de Aprendizaje Tec de Monterrey_GRAPHIC ARTISTS – Comunicación Visual",ONG - Desarrollo humano
Casa Monarca Ayuda Humanitaria al Migrante A.B.P._Newsletter Casa Monarca,Sociedad de Alumnos ITESM
"SAIFI, Sociedad de Alumnos de Ingeniería Física Industrial_Jaquemat",Sociedad de Alumnos ITESM
"SABGB, Sociedad de Alumnos de Licenciatura en Negocios Internacionales_Mi Mundo y Yo",Sociedad de Alumnos ITESM
SecreatarÍa de Medio Ambiente de Nuevo León_(+) VERDE SMA Biodiversidad,ONG - Medio ambiente
Creesiendo A.C._Datos Creesiendo,ONG - Humanitaria
"AEDOMEX, Asociación de Estudiantes del Estado de México_Escribanos de Nunca Jamás",ONG - Desarrollo humano
"Cambiando México con Valores, A.C._Juegamex",ONG - Desarrollo humano
Cambio de Juego_Entrenando y generando soluciones con Cambio de Juego,ONG - Desarrollo humano
Iniciativa Campana Altamira_Impulso a trabajadoras del hogar,ONG - Desarrollo humano
"AMA y Trasciende, A.C._Ciclismo para todos",Actividades recreativas
Pal Sur del Norte_Pal Sur del Norte: equidad educativa,ONG - Desarrollo humano
"FONDEAGG, Fondo Educativo Gral. de Div. Anacleto Guerrero Guajardo, A.C_DISEÑO, COMUNICACIÓN Y MEDIOS DIGITALES",ONG - Desarrollo humano
Dirección de Servico Social_Acciones ciudadanas dos proyectos,Dirección Servicio Social Campus Mty.
"Casa Mi Ángel, A.B.P._Soporte de Proyectos | Casa Mi Ángel ABP",Emprendimiento y desarrollo
GeoSTATS_GeoSTATS: Generando diálogo a través de cartografía social,Emprendimiento y desarrollo
Conexión TEC - Distrito Tec_Urban Vlogger: Towards Conscious Mobility,ONG - Desarrollo humano
LABNL Laboratorio Cultural Ciudadano de CONARTE NL_LABNL Lab Cultural Ciudadano: Coordinación de Mediación,ONG - Arte y cultura
"Club Deportivo de Futból Americano Águilas, A.C._Águilas: Formando Campeones para la Vida",Actividades recreativas
"Cambiando México con Valores, A.C._Redes Sociales CMV",ONG - Desarrollo humano
"CVA, Centro Virtual de Aprendizaje Tec de Monterrey_Data Studio – Estadísticas informativas",ONG - Desarrollo humano
"Huellas que Trascienden, A.C._Apoyo Comercial y Eventos",Emprendimiento y desarrollo
Dirección de Emprendimiento Social_PyMES SOS,Emprendimiento y desarrollo
"Escalando Fronteras, A.C._Escalando en roca por un mundo más justo",ONG - Humanitaria
EIC - Escuela de Ingeniería y Ciencias_Aport@Teens - volumen 2,Sociedad de Alumnos ITESM
"Jóvenes Mexicanos Al Servicio De América (América Solidaria), A.C._Sin Barreras, por una sociedad diferente",ONG - Humanitaria
Secretaría de Desarrollo Social y Humano del Municipio de San Pedro_Crecimiento Comunitario Infantil,ONG - Humanitaria
Myhomeskool_Estrategias para Redes Sociales Myhomeskool,ONG - Desarrollo humano
"CREMX, Compromiso y Responsabilidad Educativa ABP_Reactivación de Bibliotecas Escolares.",ONG - Desarrollo humano
"AMMAC, Alianza de Ministerios de Misericordia, A.C._Directo al corazón",ONG - Humanitaria
"Huellas que Trascienden, A.C._Elaboración de fotografías promocionales HQT",ONG - Arte y cultura
"Fundación F21, A.C._Blockchain Social + fundación F21",Emprendimiento y desarrollo
"CONALEP Don Humberto Lobo Villarreal, O.P.D_DESARROLLO INTEGRAL DEL ESTUDIANTE",ONG - Desarrollo humano
"MOVAC, Movimiento de Activación Ciudadana, A.C._Promotores de Seguridad Vial, Zona Escolar Segura",ONG - Humanitaria
La Cumbre Cotidiana A.C._Prevención de Accidentes dentro de Áreas Naturales Protegidas de NL,ONG - Humanitaria
Creesiendo A.C._Creesiendo en Redes Sociales,ONG - Desarrollo humano
"SALEM, Sociedad de Alumnos de Licenciado en Mercadotecnia_Enseñando Caminos",Sociedad de Alumnos ITESM
"Fundación México Incluyente, A.C._Creando Comunidad en San Pedro",ONG - Humanitaria
"Ya Puedo Escucharte, A.C._Comunidad Virtual Ya Puedo Escucharte",ONG - Humanitaria
Iniciativa Campana Altamira_Club STEAM,ONG - Desarrollo humano
"UNAC, Unidos por el Arte contra el Cáncer Infantil, A.C._Arte por la Vida UNAC",ONG - Humanitaria
"TEDI, Taller de Expresión y Desarrollo Integral, A.C._Inclusión educativa en Nuevo León",ONG - Humanitaria
Capa x Capa_Capa x Capa - Creación de Contenido e Investigación,Investigación
ABACO Consultoría Financiera_Educación Financiera para Niños,ONG - Desarrollo humano
"UNAC, Unidos por el Arte contra el Cáncer Infantil, A.C._Marketing team UNAC",ONG - Humanitaria
"SAINA, Sociedad de Alumnos de Ingeniería en Nanotecnología_Taller de Química",Sociedad de Alumnos ITESM
WEEDS_Medios visuales - Creando comunidad en un mundo más verde,ONG - Medio ambiente
"Práctica jurídica LED_Asuntos Jurídicos, Práctica Jurídica LED",ONG - Política y leyes
"Cambiando México con Valores, A.C._Coordinador CMV",ONG - Desarrollo humano
"Instituto Nuevo Amanecer, A.B.P._Creación de contenido para A.B.P.",Emprendimiento y desarrollo
Iniciativa Campana Altamira_Club Colibrí,ONG - Desarrollo humano
"Redes Quinto Poder IDEA, A.C._Recuperación del Espacio Público",ONG - Humanitaria
"Redes Quinto Poder IDEA, A.C._Tecnología con Impacto Social",ONG - Humanitaria
Inclusión y Accesibilidad_Tutor Campamento Descubre y Aprende,ONG - Desarrollo humano
Capa x Capa_Capa x Capa - Modelado CAD,ONG - Desarrollo humano
"SALAD, Sociedad de Alumnos en Animación y Arte Digital_EnseñARTE",Sociedad de Alumnos ITESM
"Fundación F21, A.C._Aprender a Aprender",ONG - Desarrollo humano
Sacbé_Sacbé Secundaria,ONG - Humanitaria
"Fundación Enrique Yturria García, A.B.P._Proyecto C.R.C. - Arte Conceptual",ONG - Arte y cultura
"Paso de Esperanza, A.C._INFORME SOBRE MIGRACIÓN, REFUGIO Y DERECHOS HUMANOS 2022",ONG - Humanitaria
"CÁRITAS MEXICANA, IAP_Cáritas Mexicana: Trabajando junto a los más vulnerables",ONG - Humanitaria
"CIBRUC, Centro de Investigación sobre Biodigestión Anaerobia y Residuos Urbanos, A.C._Campaña nacional de separación ecológica de residuos con CIBRUC",Investigación
Fundación Tarahumara José A. Llaguno A.B.P._Proyectos comunitarios para la Sierra Tarahumara,ONG - Arte y cultura
"SALNB, Sociedad de Alumnos de Nutrición y Bienestar_NAFI - Nutrición y Actividad Física Infantil",Sociedad de Alumnos ITESM
"CVA, Centro Virtual de Aprendizaje Tec de Monterrey_Supervisor de actividades",ONG - Desarrollo humano
"AMMAC, Alianza de Ministerios de Misericordia, A.C._Alimentos con amor",ONG - Humanitaria
"HIC ME, A.C._Administración de una A.C.: Niñez institucionalizada",ONG - Humanitaria
Prepanet Campus Monterrey_Prepanet - Consejero en Línea,ONG - Desarrollo humano
"UNAC, Unidos por el Arte contra el Cáncer Infantil, A.C._Difundamos UNAC",ONG - Humanitaria
Prepanet Campus Monterrey_Prepanet - Tutor en Línea EA (10 s),ONG - Desarrollo humano
Red Unidos para Trascender de la Iniciativa Campana-Altamira_Unidos para Trascender en el desarrollo integral de la comunidad Campana-Altamira,ONG - Desarrollo humano
"Fundación Enrique Yturria García, A.B.P._Proyecto C.R.C. Construyendo-Reutilizando-Capacitando",ONG - Medio ambiente
EAAD - Impulso Urbano_Construcción del CAM Centro Monterrey,ONG - Desarrollo humano
SALED - Sociedad de Alumnos de Licenciatura en Derecho_Civitas para Todos,Sociedad de Alumnos ITESM
"Familia de Santa María, A.C._FSM - Gestión y orientación fiscal",ONG - Política y leyes
"Manjar de la lectura, A.C._Fomento de la lectura a través de las tecnologías.",ONG - Humanitaria
"Comedor Infantil Mensajero de Paz - Esperanza al Débil, A.C._Dreams for kids",ONG - Humanitaria
"Asociación de Psicólogos Profesionales de Nuevo León, AC_Creación de contenido audiovisual",ONG - Desarrollo humano
"SATEM, Sociedad Astronómica del Tecnológico de Monterrey_Cosmonautas",Sociedad de Alumnos ITESM
"AMMAC, Alianza de Ministerios de Misericordia, A.C._saturday school",ONG - Humanitaria
Gasilem SA de CV_Contagiemos Arte,ONG - Arte y cultura
"AMMAC, Alianza de Ministerios de Misericordia, A.C._WAKE UP",ONG - Humanitaria
"PRODEIQ, Programa para el Desarrollo del Ingeniero Químico_Motivación en Movimiento",ONG - Desarrollo humano
"I CARE FOUNDATION, A.C._¡Enseña inglés para brindar mejores oportunidades con I Care!",ONG - Desarrollo humano
"UNAC, Unidos por el Arte contra el Cáncer Infantil, A.C._Unidos por la danza contra el cáncer infantil",ONG - Humanitaria
"WEEDS_BARRIO VERDE, CREANDO ESPACIOS URBANOS SOSTENIBLES - MEDIOS AUDIOVISUALES",ONG - Medio ambiente
Inclusión y Accesibilidad_Programa Surfers de la Neurodiversidad,ONG - Humanitaria
"Comedor Infantil Mensajero de Paz - Esperanza al Débil, A.C._Alimenta Corazones 2022",ONG - Humanitaria
wwleadership sc_Preparatoria hibrida acreditada por la UNAM,Emprendimiento y desarrollo
"CREMX, Compromiso y Responsabilidad Educativa ABP_CREa: ""Creando Espacios de Aprendizaje""",ONG - Desarrollo humano
"FICAE, Fundación Internacional de Cabalgantes y Actividades Ecuestres A. C._Auxiliar en Equinoterapia",Actividades recreativas
Iniciativa Campana Altamira_Mediador de lectura,ONG - Desarrollo humano
AEDEG - Asociación de Estudiantes Deutsche Gemeinschaft_Deutsch 101,ONG - Desarrollo humano
"VIFAC, Vida y Familia Monterrey, A.B.P._Proyecto Investigación: La vulnerabilidad para las mujeres trabajadoras",Investigación
Líderes del Mañana - ADUX_ADUX Digital,ONG - Desarrollo humano
WEEDS_Staff - Creando comunidad en un mundo más verde,ONG - Medio ambiente
"Casanicolás-Solidaridad en el éxodo, A.C._Migrando Historias",ONG - Humanitaria
Inclusión y Accesibilidad_Coordinador Campamento Descubre y Aprende,ONG - Desarrollo humano
SALEC - Sociedad de Alumnos de Licenciatura en Economía_Empoderamiento Ciudadana en Finanzas Públicas,Sociedad de Alumnos ITESM
SecreatarÍa de Medio Ambiente de Nuevo León_(+) VERDE SMA Arquitectura,ONG - Medio ambiente
WEEDS_Coordinador Ambiental - Huertos de Esperanza en un mundo más verde,ONG - Medio ambiente
"AMMJE, Asociación Mexicana de Mujeres Jefas de Empresa, A.C._Posicionar la marca AMMJE",ONG - Desarrollo humano
"Guerreros en la Vida y en la Cancha, A.C._Redes sociales para los Guerreros de la Independencia",ONG - Desarrollo humano
San Pedro Parques_Difundiendo la Vida en San Pedro Parques,ONG - Medio ambiente
"Fundación F21, A.C._Code: Sanctuary by Cybersecurity Tec + Fundación F21",Emprendimiento y desarrollo
WEEDS_Emprendimiento en un mundo más verde,ONG - Medio ambiente
"Despierta, Cuestiona y Actúa, A. C._Ciudadanit@s",ONG - Desarrollo humano
Iniciativa Campana Altamira_Habilidades socioemocionales,ONG - Desarrollo humano
"PAME fuerza de juventud A.C_PAME, Turn it Up!",ONG - Desarrollo humano
Secretaría de Participación Ciudadana_Creación y rediseño de procesos de Atención Ciudadana Estatal,ONG - Humanitaria
"CVA, Centro Virtual de Aprendizaje Tec de Monterrey_MICROLEARNING - Creador capsulas educativa y de ayudas visuales educativas",ONG - Desarrollo humano
"Jóvenes Mexicanos Al Servicio De América (América Solidaria), A.C._Creación de Campañas de Procuración de Fondos en América Solidaria México.",ONG - Humanitaria
EAAD - Departamento de Arquitectura_Patrimonio Nuevo León (PATRIMONIONL),ONG - Arte y cultura
"AUTISMO, A.B.P._INVESTIGACION, PLANEACION Y PREPARACION PARA APERTURA DE CENTRO OCUPACIONAL AUTISMO ABP.",Investigación
Sacbé_Sacbé Preparatoria,ONG - Desarrollo humano
"Fomento Prevocacional Severiano Martínez, A.B.P. Casa Hogar Padre Severiano Martínez_Biblioteca Escolar de la Escuela Severiano Martínez",ONG - Desarrollo humano
"Centro de Rehabilitación y Terapias Ecuestres Hoga, A.C._Desarrollo de Estrategias para la procuración de recursos en HOGA",ONG - Salud
La Cumbre Cotidiana A.C._La web para senderistas,ONG - Medio ambiente
"Redes Quinto Poder IDEA, A.C._DHALE Niñas y Niños",ONG - Humanitaria
"Familia de Santa María, A.C._FSM Radio en la WEB y Redes Sociales",ONG - Humanitaria
Ciudadani­a y Ciudades Inteligentes_Capacitación para niños guías de turistas,ONG - Desarrollo humano
Myhomeskool_Estrategias para el rediseño website Myhomeskool,ONG - Desarrollo humano
"SAITD, Sociedad de Alumnos de Ingenieria en Transformación Digital de Negocios_Computación para Todos - Centros MOVER SPGG",Sociedad de Alumnos ITESM
"Club Deportivo de Fútbol Americano Pumas, A.C._Pumas: más alla del deporte",Actividades recreativas
Conecta A.C._Conecta con la Comunidad,ONG - Humanitaria
"Existe, A.B.P._Educación para la Paz",ONG - Humanitaria
SAC - Sociedad de Alumnos de Comunicación_Huellas Creativas,Sociedad de Alumnos ITESM
"Despierta, Cuestiona y Actúa, A. C._Ciudadanit@s creativos",ONG - Desarrollo humano
San Pedro Parques_Compartiendo experiencias en San Pedro Parques,ONG - Humanitaria
"Vitalfem_Vitalfem, tu salud, tú decisión, un espacio digital seguro para nosotras.",ONG - Salud
"CEI, Comité Ecológico Integral_Sistema Estadístico del Aire",ONG - Medio ambiente
EN - Dirección de Programa LAF_Tanetze: creación y operación de su caja de ahorro,ONG - Desarrollo humano
EAAD - Impulso Urbano_Construyendo futuros,ONG - Desarrollo humano
"Club de Niños y Niñas de Nuevo León, A.B.P._Capacitaciones Digitales y Tecnológicas",ONG - Desarrollo humano
"WEEDS_Staff - BARRIO VERDE, CREANDO ESPACIOS URBANOS SOSTENIBLES",ONG - Medio ambiente
"Huellas que Trascienden, A.C._E-commerce y Comercialización de Productos HQT",Emprendimiento y desarrollo
Laboratorio Innovación Social Tutores de Resiliencia_Formando en la Resiliencia,ONG - Desarrollo humano
"EFFETA, ABP_Incluye + auxiliar educativo",ONG - Humanitaria
"Imagina, A.B.P._IMAGINEA Remoto",ONG - Desarrollo humano
"Hagámoslo Bien por una Cultura de la Legalidad, A.C._Bien en tu Empresa en línea: promueve la integridad empresarial con un sitio web",ONG - Humanitaria
Creesiendo A.C._Creesciendo la Web,ONG - Humanitaria
"Club Deportivo de Fútbol Americano Avispones, A.C._Coordinador de Redes Sociales Club Avispones",Actividades recreativas
"Consejo de Seguridad de la información y ciberseguridad, A.C._CYBER SECURE NATION CONFERENCE 2022: Vinculación para difusión en América Latina",ONG - Desarrollo humano
"SAIIS, Sociedad de Alumnos de Ingeniero Industrial y de Sistemas_Niños Regios",Sociedad de Alumnos ITESM
H. CONGRESO DEL ESTADO DE NUEVO LEON_Hagamos leyes para Nuevo León,ONG - Política y leyes
"PROMOCIÓN DE PAZ, A.B.P._TALLER DE ARTE POR LA PAZ",ONG - Arte y cultura
Capa x Capa_Capa x Capa - Diseño y Programación Página Web,Emprendimiento y desarrollo
"Familia de Santa María, A.C._FSM Radio- crea música para podcast",ONG - Desarrollo humano
"Centro de Rehabilitación y Terapias Ecuestres Hoga, A.C._Manual de Servicios Terapéuticos HOGA",ONG - Humanitaria
"UNAC, Unidos por el Arte contra el Cáncer Infantil, A.C._Social Media UNAC",ONG - Humanitaria
"Institución Renace, A.B.P._Mejora del sistema de información de Renace",ONG - Desarrollo humano
"CIES, Centro de Investigación y Educación para la Salud, A.C._Transformando Al Planeta",Investigación
Dirección de Servicio Social - PASS_Líder Solidario,Dirección Servicio Social Campus Mty.
"Plan Cuatro Ciénegas 2040, A.C._Más manos hacen la diferencia",ONG - Medio ambiente
Semillero Espiral Colectivo_Creación de Asociación civil ecologista,ONG - Medio ambiente
Thunder MX_Thunder: Consultoría de negocios a ONGs,ONG - Desarrollo humano
"FONDEAGG, Fondo Educativo Gral. de Div. Anacleto Guerrero Guajardo, A.C_CAPACITACIÓN Y OPERACIÓN",ONG - Desarrollo humano
Laboratorio Innovación Social Tutores de Resiliencia_Juguetes con causa,ONG - Humanitaria
Dirección de carreta Ing. Mecánica_INGENIUM,ONG - Desarrollo humano
Dirección de Servico Social_Acciones ciudadanas horas pendientes,Dirección Servicio Social Campus Mty.
Secretaría de Desarrollo Social y Humano del Municipio de San Pedro_Propulsores en Acción para la Transformación,Emprendimiento y desarrollo
"Paso de Esperanza, A.C._Atención a Niños, niñas, adolescentes y mujeres migrantes",ONG - Humanitaria
"Cambio para el Aprendizaje de Niños y Adolescentes, A.C._Cardenales Campana Altamira",ONG - Desarrollo humano
Maverick Unconventional Athletes_Atletas mentores Maverick,Actividades recreativas
San Pedro Parques_Evaluación del arbolado en San Pedro Parques- Parque Mississippi,ONG - Medio ambiente
"IEPAM, Instituto Estatal de las Personas Adultas Mayores_Marketing de la Bolsa de Trabajo para Personas Adultas Mayores",ONG - Desarrollo humano
Red Recolector SA de CV_Red Ambiental en SP de Pinta,ONG - Medio ambiente
"Ya Puedo Escucharte, A.C._MI SUPER PODER ES MI OÍDO",ONG - Humanitaria
"Familia de Santa María, A.C._FSM Radio - Producción y edición de video",ONG - Desarrollo humano
Myhomeskool_Strategies fundraising for quality education,ONG - Desarrollo humano
"Casanicolás-Solidaridad en el éxodo, A.C._Traduciendo historias",ONG - Humanitaria
"Hagámoslo Bien por una Cultura de la Legalidad, A.C._Bien en tu Escuela en línea: en línea: promueve la integridad escolar con un sitio web",ONG - Humanitaria
SALAF- Sociedad de Alumnos de Administración Financiera_Peso a peso: que tu dinero no quede en cero.,Sociedad de Alumnos ITESM
"Fundación F21, A.C._Comunicación y diseño social + fundación F21",ONG - Desarrollo humano
Instituto Republicano Internacional_Juventud anticorrupción,ONG - Política y leyes
"AEAC, Asociación de Estudiantes de Arte y Cultura_Vive con Arte",ONG - Arte y cultura
"Powerchair Football México, A.C._Mejorando las sillas motorizadas de POWERCHAIR FOOTBALL MX",ONG - Humanitaria
"Paso de Esperanza, A.C._Construyendo la Esperanza - Paso de Esperanza a.c.",ONG - Desarrollo humano
WEEDS_Innovando para un mundo más verde,ONG - Medio ambiente
"IEPAM, Instituto Estatal de las Personas Adultas Mayores_Transferencia de Conocimiento de las Personas Adultas Mayores",ONG - Humanitaria
"ARENA, Asociación Regiomontana de Niños Autistas, A.B.P_Actividades de apoyo en terapias con Autismo ARENA",ONG - Humanitaria
"Powerchair Football México, A.C._Construye el diseño audiovisual del deporte PowerChair",Actividades recreativas
"IBI, Instituto de Bienestar Integral_Instituto de Bienestar Integral",ONG - Humanitaria
"PRODAN, Prodefensa Animal, A.C._Yo Soy Prodan",ONG - Medio ambiente
"WEEDS_BARRIO VERDE, CREANDO ESPACIOS URBANOS SOSTENIBLES - COORDINADOR GENERAL",ONG - Medio ambiente
"Huellas que Trascienden, A.C._Comunicación Digital HQT",Emprendimiento y desarrollo
"CreeSer, A.B.P._Facilitador/a en Cultura de Paz",ONG - Humanitaria
"FONDEAGG, Fondo Educativo Gral. de Div. Anacleto Guerrero Guajardo, A.C_EDUCACIÓN EN SALUD",ONG - Salud
"Imagina, A.B.P._IMAGINEA Presencial",ONG - Desarrollo humano
"FONDEAGG, Fondo Educativo Gral. de Div. Anacleto Guerrero Guajardo, A.C_FONDEAGG Coordinación Proyectos",ONG - Desarrollo humano
Secretaría de Participación Ciudadana_Creación de medios publicitarios para la Atención Ciudadana,ONG - Política y leyes
"Neurofinanzas, A.C._El Marketing Disruptivo en las ONGs",ONG - Desarrollo humano
"Liderazgo y Cultura Emprendedora, A.C._Acompañamiento a mujeres emprendedoras con la red de empresarias Soy Plena",Emprendimiento y desarrollo
Iniciativa Campana Altamira_Campamento Áwale,ONG - Desarrollo humano
"Neurofinanzas, A.C._Educación Financiera para migrantes",ONG - Humanitaria
"Instituto Nuevo Amanecer, A.B.P._Auditorías Nuevo Amanecer",ONG - Desarrollo humano
Secretaría de Desarrollo Social y Humano del Municipio de San Pedro_Clases de apoyo a nivel secundaria dentro de Bibliotecas,ONG - Desarrollo humano
"Redes Quinto Poder IDEA, A.C._Sembrando Vida",ONG - Humanitaria
WEEDS_Staff - Lecturas distruptivas en un mundo más verde,ONG - Medio ambiente
"AMMAC, Alianza de Ministerios de Misericordia, A.C. - Directo al corazón",ONG - Humanitaria
Red Recolector SA de CV - Red Ambiental en San Pedro de Pinta,ONG - Medio ambiente
"AMMAC, Alianza de Ministerios de Misericordia, A.C. - Wake up",ONG - Humanitaria
"Familia de Santa María, A.C. - FSM Radio - Producción y edición de video",ONG - Humanitaria
"AMMAC, Alianza de Ministerios de Misericordia, A.C. - Saturday School",ONG - Humanitaria
"AMMAC, Alianza de Ministerios de Misericordia, A.C. - Alimentos con amor",ONG - Humanitaria
Operación Pollo TRC A.C. - Yo Apollo,ONG - Humanitaria
Fundacionplan.org - Plan SPAP A.C. - Experiencia Plan,ONG - Humanitaria
"Comedor Infantil Mensajero de Paz - Esperanza al Débil, A.C. - Nutrición y Vida en Bienestar",ONG - Humanitaria
LABNL - Consejo para la Cultura y las Artes de Nuevo León - LABNL Lab Cultural Ciudadano: Coordinación de Mediación,Emprendimiento y desarrollo
"FICAE, Fundación Internacional de Cabalgantes y Actividades Ecuestres A. C. - FICAE Comunica!!",Actividades recreativas
"AIESEC México, A.C. - Ciudadano Global AIESEC",ONG - Desarrollo humano
"Tierra de Artistas, A.C. - Alquimistas de impacto",ONG - Humanitaria
"La Cumbre Cotidiana, A.C. - Prevención de Accidentes dentro de Áreas Naturales Protegidas de NL",ONG - Humanitaria
"Tierra de Artistas, A.C. - Taller de telares con técnicas artesanales oaxaqueñas",ONG - Arte y cultura
"FICAE, Fundación Internacional de Cabalgantes y Actividades Ecuestres A. C. - Diseño de material terapéutico FICAE",Actividades recreativas
"CIES, Centro de Investigación y Educación para la Salud, A.C. - Transformando Al Planeta",Investigación
"Vecinos Fuentes del Valle, A.C. - Centro de Acopio y Pepena en Fuentes del Valle",ONG - Medio ambiente
INICIATIVA DE EDUCACIÓN CON EQUIDAD Y CALIDAD ---- Dirección de Servicio Social - Aprendizajes para Todos: Tutor académico,Dirección Servicio Social Campus Mty.
"CONAFE, Consejo Nacional de Fomento Educativo - CONAFE TEC-TIC",ONG - Desarrollo humano
Secretaría de Educación de Nuevo León: Coordinación Estatal de Telebachillerato - PREPÁrate Nuevo León,ONG - Desarrollo humano
"CÁRITAS MEXICANA, IAP - Cáritas Mexicana: Trabajando junto a los más vulnerables",ONG - Humanitaria
"Vecinos Fuentes del Valle, A.C. - HUERTO Y COMPOSTA EL CAPITÁN",ONG - Medio ambiente
"FONDEAGG, Fondo Educativo Gral. de Div. Anacleto Guerrero Guajardo, A.C - Linea del tiempo Fondo Anacleto",ONG - Desarrollo humano
"Vecinos Fuentes del Valle, A.C. - Marketing Digital",ONG - Medio ambiente
"VIFAC, Vida y Familia Monterrey, A.B.P. - COMPARTIR DA VIDA 2022",ONG - Humanitaria
"SOSAC, Sociedad Sostenible, A.C. - Especies y Espacios con SOSAC",ONG - Medio ambiente
Museo de Historia Mexicana - Se trata de tu historia,ONG - Arte y cultura
Cambiando México con Valores A. C. - Juegamex,ONG - Desarrollo humano
Centro Jurídico y Formación Integral BufeTec - Centro Jurídico y Formación Integral BufeTec,ONG - Política y leyes
"Huellas que Trascienden, A.C. - Coordinación de Proyectos HQT",Emprendimiento y desarrollo
"Un Techo para mi País México, A.C. - Historias de impacto",ONG - Humanitaria
"Liderazgo y Cultura Emprendedora, A.C. - Embajadores y creadores de contenido para redes sociales",Emprendimiento y desarrollo
Ecoaldeas del Norte - Diseño de casa sustentable,Emprendimiento y desarrollo
"EIC, EHE y EAAD - Innovaction Gym - Diseño de Página Web",Emprendimiento y desarrollo
Dirección de Servicio Social - PASS - Líder Solidario,Dirección Servicio Social Campus Mty.
"CONAFE, Consejo Nacional de Fomento Educativo - Inglés para todos en CONAFE",ONG - Desarrollo humano
"Liderazgo y Cultura Emprendedora, A.C. - Acompañamiento a mujeres emprendedoras con la red de empresarias Soy Plena",ONG - Desarrollo humano
Iniciativa Campana Altamira - Fútbol para crecer,ONG - Desarrollo humano
Cambiando México con Valores A. C. - Coordinadores,ONG - Desarrollo humano
"CVA, Centro Virtual de Aprendizaje Tec de Monterrey - TransformaWEB - programador",Emprendimiento y desarrollo
Sembrando Amor Al Mundo - Propósito para una mejor calidad de Vida,ONG - Desarrollo humano
Jurisdicción Sanitaria #4 de Nuevo León - Revisión de Datos Estadísticos de la Jurisdicción Sanitaria #4,ONG - Medio ambiente
EduMakers - Tecnológico de Monterrey - Edumakers para la inclusión,ONG - Humanitaria
"SOSAC, Sociedad Sostenible, A.C. - Tierra Urbana con SOSAC",ONG - Medio ambiente
"Be The Match MX, A.C. - Be the match MX",ONG - Humanitaria
Proyecto 99 - Proyecto 99 - Talleres,ONG - Desarrollo humano
"Club Deportivo de Fútbol Americano Águilas, A.C. - Staff de Coaches del Club Águilas",Actividades recreativas
Dirección de Emprendimiento Social - PyMES SOS Invierno 2023,Emprendimiento y desarrollo
"SAIQ, Sociedad de Alumnos de Ingeniería Química - Sembrando Conciencia",Sociedad de Alumnos ITESM
"Paso de Esperanza, A.C. - Construyendo la esperanza - Paso de Esperanza a.c.",ONG - Desarrollo humano
SALPS - Sociedad de Alumnos de Licenciado en Psicología Clínica y de la Salud - Programa Preclínico,Sociedad de Alumnos ITESM
Laboratorio Innovación Social Tutores de Resiliencia - Naturaleza Lab : construyendo herramientas de medición-,ONG - Medio ambiente
Inclusión y Accesibilidad - Coordinación del Campamento Descubre y Aprende,ONG - Desarrollo humano
"Práctica jurídica LED - Asuntos Jurídicos, Práctica Jurídica LED",ONG - Política y leyes
Fuerza y Esperanza por Uno Más - Alimentación con fé,ONG - Humanitaria
"Tierra de Artistas, A.C. - Taller de medicina tradicional a través de la herbolaria zapoteca",ONG - Arte y cultura
Dirección de Servicio Social - Acciones ciudadanas - Realidad virtual para empatizar con realidades sociales,Dirección Servicio Social Campus Mty.
"UNAC, Unidos por el Arte contra el Cáncer Infantil, A.C. - Unidos por las Redes Sociales",ONG - Salud
"Paso de Esperanza, A.C. - Atención a Niños, niñas, adolescentes y mujeres migrantes",ONG - Humanitaria
MyHomeskool - Strategies fundraising for quality education,ONG - Desarrollo humano
"distritotec - Activaciones Sociales, Arte Público y Casa Naranjos de distritotec",ONG - Arte y cultura
"HIC ME, A.C. - Cambiando la conversación: Niñez institucionalizada",ONG - Humanitaria
Data Science HUB Tecnológico de Monterrey - Memoria Digital y acciones de mejora para el 10K Data Science Challenge,ONG - Desarrollo humano
GeoStats - GeoStats Social Media,Emprendimiento y desarrollo
SALEC (en colaboración con Centro de Investigación Económica y Presupuestaria A.C.) - Empoderamiento Ciudadana en Finanzas Públicas,Investigación
"VIFAC, Vida y Familia Monterrey, A.B.P. - Vifac en números",ONG - Humanitaria
"Manjar de la Lectura, A.C. - Promover la lectura a través de Manjar de la lectura.",ONG - Humanitaria
Community FIRST For Inspiration and Recognition of Science and Technology - Community is FIRST,Emprendimiento y desarrollo
San Pedro Parques - Líderes comunitarios de parques urbanos,ONG - Medio ambiente
"La Cumbre Cotidiana, A.C. - Educación Ambiental - La Cumbre Cotidiana A.C.",ONG - Medio ambiente
"Paso de Esperanza, A.C. - Incidencia en derechos humanos de personas migrantes y refugiadas",ONG - Humanitaria
"Redes Quinto Poder IDEA, A.C. - Sembrando Vida",ONG - Humanitaria
"WEEDS, Worldwide Education in Environmental Development and Sustainability, A.C. - Comunicando para un mundo más verde",ONG - Medio ambiente
"Tierra de Artistas, A.C. - Taller de Alebrijes y grecas Zapotecas",ONG - Arte y cultura
Proyecto 99 - P99 ON WEB,ONG - Desarrollo humano
"Menos Plástico es fantástico, A.C. - Estaciones de agua para la comunidad de Mahahual con Menos Plástico es Fantástico",ONG - Medio ambiente
Fundación Tarahumara José A. Llaguno A.B.P. - Proyectos comunitarios para la Sierra Tarahumara,ONG - Arte y cultura
"VIFAC, Vida y Familia Monterrey, A.B.P. - Proyecto Investigación: La vulnerabilidad para las mujeres trabajadoras",Investigación
"La Cumbre Cotidiana, A.C. - Preservación Ecológica",ONG - Humanitaria
"Consejo de Seguridad de la Información y Ciberseguridad, A. C. - Vinculación para difusión en Centroamérica y el Caribe",ONG - Desarrollo humano
"Consejo de Seguridad de la Información y Ciberseguridad, A. C. - Cybersecurity App",ONG - Desarrollo humano
"PRODAN, Prodefensa Animal, A.C. - Prestame tu Casa",ONG - Medio ambiente
wwleadership sc - Mkt Digital: Prepa Leadership,Emprendimiento y desarrollo
Thunder MX - Thunder Mx: Consultoría a ONGs,ONG - Desarrollo humano
"Club Deportivo de Fútbol Americano Avispones, A.C. - Coach de futbol americano",Actividades recreativas
"Movimiento de Activación Ciudadana, A.C. - Promotores de Seguridad Vial, Zona Escolar Segura",ONG - Humanitaria
"Redes Quinto Poder IDEA, A.C. - Promoción de los derechos humanos",ONG - Humanitaria
Pal Sur del Norte - Pal Sur del Norte: educación y derechos,ONG - Desarrollo humano
"Fundación México Incluyente, A.C. - Creando Comunidad en San Pedro",ONG - Arte y cultura
"Familia de Santa María, A.C. - FSM Radio - Diseño gráfico y Redes Sociales.",ONG - Desarrollo humano
"Institución Renace, A.B.P. - Creación de nuevo concepto: rebranding institucional",ONG - Desarrollo humano
"DIF Nuevo León - Construcción Cultural, Deportiva y Emocional para DIF Nuevo León",ONG - Arte y cultura
"WEEDS, Worldwide Education in Environmental Development and Sustainability, A.C. - Emprendimiento en un mundo más verde",ONG - Medio ambiente
Secretaria de Medio Ambiente de Nuevo León - Conservando la Biodiversidad,ONG - Medio ambiente
"Familia de Santa María, A.C. - FSM - Gestión y orientación fiscal",ONG - Desarrollo humano
Dirección de Emprendimiento Social - Coordinación Semifinales Hult Prize @Monterrey,Emprendimiento y desarrollo
"Consejo de Seguridad de la Información y Ciberseguridad, A. C. - Vinculación para difusión en Sudamérica",ONG - Desarrollo humano
"Un Techo para mi País México, A.C. - TECHO: Comunicación de historias y estrategia de sostenimiento",ONG - Medio ambiente
"CEI, Comité Ecológico Integral - Sistema web de calidad de aire",ONG - Medio ambiente
Instituto de Bienestar Integral (IBI) - Marketing digital,ONG - Humanitaria
"CVA, Centro Virtual de Aprendizaje Tec de Monterrey - MICROLEARNING - Creador capsulas educativa y de ayudas visuales educativas",ONG - Desarrollo humano
"Redes Quinto Poder IDEA, A.C. - Tecnología con Impacto Social",ONG - Desarrollo humano
Dirección de Emprendimiento Social - PyMES SOS,Emprendimiento y desarrollo
Inclusión y Accesibilidad - Programa Surfers de la Neurodiversidad,ONG - Humanitaria
Compromiso y Responsabilidad Educativa ABP - Plataforma CREducativa (MOOC´s Educativos),ONG - Desarrollo humano
GeoStats - GeoSTATS: Generación de mapas con datos georefenciados,Emprendimiento y desarrollo
"FONDEAGG, Fondo Educativo Gral. de Div. Anacleto Guerrero Guajardo, A.C - Diseño, comunicación y medios digitales",ONG - Desarrollo humano
"Paso de Esperanza, A.C. - Pasos de EsperanzAPP",ONG - Humanitaria
"Huellas que Trascienden, A.C. - Comunicación Digital HQT",Emprendimiento y desarrollo
Clínica Jurídica Penal del Tec de Monterrey - Cínica Penal,ONG - Política y leyes
"La Cumbre Cotidiana, A.C. - La web para senderistas",ONG - Humanitaria
"Best Buddies de México, A.C - Best Buddies Universidad",ONG - Humanitaria
EAAD - Impulso Urbano - Construcción Sustentable - aprender tecnicas ansestrales,ONG - Desarrollo humano
Proyecto 99 - Proyecto 99 - Idiomas,ONG - Desarrollo humano
Observatorio Ciudadano OCCAMM - Newsletter OCCAMM,ONG - Humanitaria
"Institución Renace, A.B.P. - RENACE: Modernización en Sistemas",ONG - Desarrollo humano
"Un Techo para mi País México, A.C. - Diseño de herramientas en temas de Desarrollo Económico y Social",ONG - Humanitaria
"Familia de Santa María, A.C. - FSM Radio - Creación de página web",ONG - Humanitaria
Secretaría de Educación de Nuevo León: Coordinación Estatal de Telebachillerato y del Subsistema de Preparatoria Abierta de la Subsecretaría de Educación Media Superior y Superior.,ONG - Desarrollo humano
Iniciativa de Educación con Equidad y Calidad,ONG - Desarrollo humano
Dirección de Servicio Social - Acciones ciudadanas,Dirección Servicio Social Campus Mty.
AEVER- Asociación de Estudiantes de Veracruz,ONG - Desarrollo humano
Duendes del Valle,Actividades recreativas
Prepanet Campus Monterrey,ONG - Desarrollo humano
"Club deportivo de Fútbol Americano Halcones, A.C.",Actividades recreativas
FUERZA Y ESPERANZA POR UNO MÁS,ONG - Humanitaria
Conexión Tec - Neuroengineering & Neuroacoustics Research Group,ONG - Desarrollo humano
"MXBT, Mexicambiente",ONG - Medio ambiente
IPPART Asociación civil.,ONG - Humanitaria
Imagina ABP,ONG - Desarrollo humano
CONCRETOS DELESE / VIDUSA,ONG - Desarrollo humano
Community First (Campus Cumbres),Emprendimiento y desarrollo
Instituto Estatal de la Juventud,ONG - Humanitaria
Fundación Ávila Cruz A. C.,ONG - Arte y cultura
"CIBRUC, Centro de Investigación sobre Biodigestión Anaerobia y Residuos Urbanos, A.C.",Investigación
#100en1díaMTY,ONG - Humanitaria
Punto Blanco,ONG - Humanitaria
CÓMO VAMOS NUEVO LEÓN,ONG - Política y leyes
Instituto de atención Integral al Discapacitado RETOS A.B.P.,ONG - Humanitaria
Jefatura de Jardines de Niños Transferidos de Sector 2. SE,ONG - Humanitaria
"AMA y Trasciende, A.C.",ONG - Humanitaria
Save the Children - Fundación Mexicana de Apoyo Infantil A.C.,ONG - Humanitaria
